ID,observer,country,design,benefactor,benefactor_provenance,protege_pfg,protege,protege_provenance,consumer,site_temp,site_precip,elevation,habitat,year,season,lat,long,response,simplified_response,extent,n,unit,open,open_error_measure,open_error,shrub,shrub_error_measure,shrub_error,rii,rii_error_measure,rii_error,notes
6.07,Jacob,China,observational,Artemesia ordosica,native,annual,community,native,0,8.1,275,NA,steppe,2015,fall,37.7,107.216667,RII richness,diversity,site,15,RII,NA,NA,NA,NA,NA,NA,0.05,SE,0.05,community type: semi-fixed dune
6.08,Jacob,China,observational,Artemesia ordosica,native,annual,community,native,0,8.1,275,NA,steppe,2015,fall,37.7,107.216667,RII richness,diversity,site,15,RII,NA,NA,NA,NA,NA,NA,0.04,SE,0.03,community type: fixed dune
6.09,Jacob,China,observational,Artemesia ordosica,native,annual,community,native,0,8.1,275,NA,steppe,2015,fall,37.7,107.216667,RII richness,diversity,site,15,RII,NA,NA,NA,NA,NA,NA,0.23,SE,0.05,community type: crusted dune
6.1,Jacob,China,observational,Artemesia ordosica,native,perennial,community,native,0,8.1,275,NA,steppe,2015,fall,37.7,107.216667,RII richness,diversity,site,15,RII,NA,NA,NA,NA,NA,NA,0.24,SE,0.04,community type: semi-fixed dune
6.11,Jacob,China,observational,Artemesia ordosica,native,perennial,community,native,0,8.1,275,NA,steppe,2015,fall,37.7,107.216667,RII richness,diversity,site,15,RII,NA,NA,NA,NA,NA,NA,0.18,SE,0.04,community type: fixed dune
6.12,Jacob,China,observational,Artemesia ordosica,native,perennial,community,native,0,8.1,275,NA,steppe,2015,fall,37.7,107.216667,RII richness,diversity,site,15,RII,NA,NA,NA,NA,NA,NA,-0.03,SE,0.05,community type: crusted dune
11.01,Jacob,Iran,observational,Tamarix macatensis,native,community,community,native,0,NA,120,NA,steppe,2018,spring,29.75,56.75,Shannon diversity,diversity,site,15,diversity,0.59,SD,0.08,0.95,SD,0.05,NA,NA,NA,medium shrub
11.02,Jacob,Iran,observational,Calligonum polygonoides,native,community,community,native,0,NA,120,NA,steppe,2018,spring,29.75,56.75,Shannon diversity,diversity,site,15,diversity,0.57,SD,0.02,0.73,SD,0.02,NA,NA,NA,medium shrub
11.03,Jacob,Iran,observational,Haloxylon ammodendron,native,community,community,native,0,NA,120,NA,steppe,2018,spring,29.75,56.75,Shannon diversity,diversity,site,15,diversity,0.57,SD,0.07,0.61,SD,0.08,NA,NA,NA,medium shrub
30.01,Jacob,USA,experimental,various,native,annual,various,native,0,NA,110,NA,desert,2017,spring,33.943204,-116.173139,species richness,diversity,site,6,no. species/0.25 cm^2,2.2,SE,0.3,3,SE,0.1,NA,NA,NA,NA
32.01,Jacob,South Africa,observational,Vachellia nilotica,native,various,various,native,0,NA,NA,NA,bushveld - oldfield,2017,spring,-23.85,28.283333,Species richness,diversity,site,6,percent,8.07,SE,0.44,14.67,SE,1.05,NA,NA,NA,NA
32.02,Jacob,South Africa,observational,Vachellia nilotica,native,various,various,native,0,NA,NA,NA,bushveld - oldfield,2017,spring,-23.85,28.283333,Shannon–Wiener,diversity,site,6,percent,1.7,SE,0.08,2.06,SE,0.08,NA,NA,NA,NA
32.03,Jacob,South Africa,observational,Vachellia nilotica,native,various,various,native,0,NA,NA,NA,bushveld - oldfield,2017,spring,-23.85,28.283333,Simpsons index of diversity,diversity,site,6,percent,0.77,SE,0.03,0.82,SE,0.2,NA,NA,NA,NA
32.04,Jacob,South Africa,observational,Vachellia nilotica,native,various,various,native,0,NA,NA,NA,bushveld - oldfield,2017,spring,-23.85,28.283333,Evenness index,diversity,site,6,percent,0.82,SE,0.03,0.77,SE,0.02,NA,NA,NA,NA
32.05,Jacob,South Africa,observational,Vachellia nilotica,native,trees,various,native,0,NA,NA,NA,bushveld - oldfield,2017,spring,-23.85,28.283333,Richness of trees and shrubs,diversity,site,6,no. species,2.67,SE,0.43,5.8,SE,0.59,NA,NA,NA,NA
32.06,Jacob,South Africa,observational,Vachellia nilotica,native,herbs,various,native,0,NA,NA,NA,bushveld - oldfield,2017,spring,-23.85,28.283333,Richness of herbs,diversity,site,6,no. species,2.53,SE,0.31,5.33,SE,0.69,NA,NA,NA,NA
32.07,Jacob,South Africa,observational,Vachellia nilotica,native,grasses,various,native,0,NA,NA,NA,bushveld - oldfield,2017,spring,-23.85,28.283333,Richness of graminoids,diversity,site,6,richness,4.87,SE,0.26,3.87,SE,0.27,NA,NA,NA,NA
32.08,Jacob,South Africa,observational,Peltophorum africanum,native,various,various,native,0,NA,NA,NA,bushveld - oldfield,2017,spring,-23.85,28.283333,Species richness,diversity,site,6,richness,8.93,SE,0.66,14.47,SE,0.76,NA,NA,NA,NA
32.09,Jacob,South Africa,observational,Peltophorum africanum,native,various,various,native,0,NA,NA,NA,bushveld - oldfield,2017,spring,-23.85,28.283333,Shannon–Wiener,diversity,site,6,richness,1.7,SE,0.08,2.18,SE,0.08,NA,NA,NA,NA
32.1,Jacob,South Africa,observational,Peltophorum africanum,native,various,various,native,0,NA,NA,NA,bushveld - oldfield,2017,spring,-23.85,28.283333,Simpsons index of diversity,diversity,site,6,richness,0.77,SE,0.02,0.84,SE,0.02,NA,NA,NA,NA
32.11,Jacob,South Africa,observational,Peltophorum africanum,native,various,various,native,0,NA,NA,NA,bushveld - oldfield,2017,spring,-23.85,28.283333,Evenness index,diversity,site,6,richness,0.79,SE,0.02,0.82,SE,0.01,NA,NA,NA,NA
32.12,Jacob,South Africa,observational,Peltophorum africanum,native,trees,various,native,0,NA,NA,NA,bushveld - oldfield,2017,spring,-23.85,28.283333,Richness of trees and shrubs,diversity,site,6,richness,2.67,SE,0.35,4.73,SE,0.38,NA,NA,NA,NA
32.13,Jacob,South Africa,observational,Peltophorum africanum,native,herbs,various,native,0,NA,NA,NA,bushveld - oldfield,2017,spring,-23.85,28.283333,Richness of herbs,diversity,site,6,richness,2.93,SE,0.32,4.87,SE,0.35,NA,NA,NA,NA
32.14,Jacob,South Africa,observational,Peltophorum africanum,native,grasses,various,native,0,NA,NA,NA,bushveld - oldfield,2017,spring,-23.85,28.283333,Richness of graminoids,diversity,site,6,richness,5.87,SE,0.4,5.4,SE,0.29,NA,NA,NA,NA
32.15,Jacob,South Africa,observational,Senegalia nigrescens,native,various,various,native,0,NA,NA,NA,bushveld - oldfield,2017,spring,-23.85,28.283333,Species richness,diversity,site,6,richness,9.67,SE,0.71,15,SE,0.71,NA,NA,NA,NA
32.16,Jacob,South Africa,observational,Senegalia nigrescens,native,various,various,native,0,NA,NA,NA,bushveld - oldfield,2017,spring,-23.85,28.283333,Shannon–Wiener,diversity,site,6,richness,1.71,SE,0.07,2.22,SE,0.06,NA,NA,NA,NA
32.17,Jacob,South Africa,observational,Senegalia nigrescens,native,various,various,native,0,NA,NA,NA,bushveld - oldfield,2017,spring,-23.85,28.283333,Simpsons index of diversity,diversity,site,6,richness,0.77,SE,0.02,0.85,SE,0.01,NA,NA,NA,NA
32.18,Jacob,South Africa,observational,Senegalia nigrescens,native,various,various,native,0,NA,NA,NA,bushveld - oldfield,2017,spring,-23.85,28.283333,Evenness index,diversity,site,6,richness,0.77,SE,0.02,0.83,SE,0.02,NA,NA,NA,NA
32.19,Jacob,South Africa,observational,Senegalia nigrescens,native,trees,various,native,0,NA,NA,NA,bushveld - oldfield,2017,spring,-23.85,28.283333,Richness of trees and shrubs,diversity,site,6,richness,3,SE,0.45,4.67,SE,0.43,NA,NA,NA,NA
32.2,Jacob,South Africa,observational,Senegalia nigrescens,native,herbs,various,native,0,NA,NA,NA,bushveld - oldfield,2017,spring,-23.85,28.283333,Richness of herbs,diversity,site,6,richness,3.33,SE,0.44,5.47,SE,0.41,NA,NA,NA,NA
32.21,Jacob,South Africa,observational,Senegalia nigrescens,native,grasses,various,native,0,NA,NA,NA,bushveld - oldfield,2017,spring,-23.85,28.283333,Richness of graminoids,diversity,site,6,richness,5.93,SE,0.38,5.2,SE,0.35,NA,NA,NA,NA
32.22,Jacob,South Africa,observational,Vachellia nilotica,native,various,various,native,0,NA,NA,NA,bushveld - natural,2017,spring,-23.85,28.283333,Species richness,diversity,site,6,richness,16.33,SE,0.52,20.07,SE,0.95,NA,NA,NA,NA
32.23,Jacob,South Africa,observational,Vachellia nilotica,native,various,various,native,0,NA,NA,NA,bushveld - natural,2017,spring,-23.85,28.283333,Shannon–Wiener,diversity,site,6,richness,2.31,SE,0.04,2.46,SE,0.04,NA,NA,NA,NA
32.24,Jacob,South Africa,observational,Vachellia nilotica,native,various,various,native,0,NA,NA,NA,bushveld - natural,2017,spring,-23.85,28.283333,Simpsons index of diversity,diversity,site,6,richness,0.87,SE,0.01,0.87,SE,0.01,NA,NA,NA,NA
32.25,Jacob,South Africa,observational,Vachellia nilotica,native,various,various,native,0,NA,NA,NA,bushveld - natural,2017,spring,-23.85,28.283333,Evenness index,diversity,site,6,richness,0.83,SE,0.01,0.82,SE,0.01,NA,NA,NA,NA
32.26,Jacob,South Africa,observational,Vachellia nilotica,native,trees,various,native,0,NA,NA,NA,bushveld - natural,2017,spring,-23.85,28.283333,Richness of trees and shrubs,diversity,site,6,richness,6.73,SE,0.46,7.53,SE,0.62,NA,NA,NA,NA
32.27,Jacob,South Africa,observational,Vachellia nilotica,native,herbs,various,native,0,NA,NA,NA,bushveld - natural,2017,spring,-23.85,28.283333,Richness of herbs,diversity,site,6,richness,6.4,SE,0.58,6.8,SE,0.73,NA,NA,NA,NA
32.28,Jacob,South Africa,observational,Vachellia nilotica,native,grasses,various,native,0,NA,NA,NA,bushveld - natural,2017,spring,-23.85,28.283333,Richness of graminoids,diversity,site,6,richness,4.33,SE,0.52,6.4,SE,0.55,NA,NA,NA,NA
32.29,Jacob,South Africa,observational,Peltophorum africanum,native,various,various,native,0,NA,NA,NA,bushveld - natural,2017,spring,-23.85,28.283333,Species richness,diversity,site,6,richness,18.15,SE,0.9,18.88,SE,0.87,NA,NA,NA,NA
32.3,Jacob,South Africa,observational,Peltophorum africanum,native,various,various,native,0,NA,NA,NA,bushveld - natural,2017,spring,-23.85,28.283333,Shannon–Wiener,diversity,site,6,richness,2.41,SE,0.07,2.47,SE,0.04,NA,NA,NA,NA
32.31,Jacob,South Africa,observational,Peltophorum africanum,native,various,various,native,0,NA,NA,NA,bushveld - natural,2017,spring,-23.85,28.283333,Simpsons index of diversity,diversity,site,6,richness,0.88,SE,0.01,0.89,SE,0.01,NA,NA,NA,NA
32.32,Jacob,South Africa,observational,Peltophorum africanum,native,various,various,native,0,NA,NA,NA,bushveld - natural,2017,spring,-23.85,28.283333,Evenness index,diversity,site,6,richness,0.83,SE,0.01,0.85,SE,0.01,NA,NA,NA,NA
32.33,Jacob,South Africa,observational,Peltophorum africanum,native,trees,various,native,0,NA,NA,NA,bushveld - natural,2017,spring,-23.85,28.283333,Richness of trees and shrubs,diversity,site,6,richness,7,SE,0.47,7.29,SE,0.55,NA,NA,NA,NA
32.34,Jacob,South Africa,observational,Peltophorum africanum,native,herbs,various,native,0,NA,NA,NA,bushveld - natural,2017,spring,-23.85,28.283333,Richness of herbs,diversity,site,6,richness,5.92,SE,0.5,5.76,SE,0.36,NA,NA,NA,NA
32.35,Jacob,South Africa,observational,Peltophorum africanum,native,grasses,various,native,0,NA,NA,NA,bushveld - natural,2017,spring,-23.85,28.283333,Richness of graminoids,diversity,site,6,richness,5.54,SE,0.61,6.35,SE,0.38,NA,NA,NA,NA
32.36,Jacob,South Africa,observational,Senegalia nigrescens,native,various,various,native,0,NA,NA,NA,bushveld - natural,2017,spring,-23.85,28.283333,Species richness,diversity,site,6,richness,17.4,SE,0.76,18.88,SE,0.76,NA,NA,NA,NA
32.37,Jacob,South Africa,observational,Senegalia nigrescens,native,various,various,native,0,NA,NA,NA,bushveld - natural,2017,spring,-23.85,28.283333,Shannon–Wiener,diversity,site,6,richness,2.39,SE,0.06,2.52,SE,0.04,NA,NA,NA,NA
32.38,Jacob,South Africa,observational,Senegalia nigrescens,native,various,various,native,0,NA,NA,NA,bushveld - natural,2017,spring,-23.85,28.283333,Simpsons index of diversity,diversity,site,6,richness,0.88,SE,0.01,0.9,SE,0.01,NA,NA,NA,NA
32.39,Jacob,South Africa,observational,Senegalia nigrescens,native,various,various,native,0,NA,NA,NA,bushveld - natural,2017,spring,-23.85,28.283333,Evenness index,diversity,site,6,richness,0.84,SE,0.01,0.86,SE,0.01,NA,NA,NA,NA
32.4,Jacob,South Africa,observational,Senegalia nigrescens,native,trees,various,native,0,NA,NA,NA,bushveld - natural,2017,spring,-23.85,28.283333,Richness of trees and shrubs,diversity,site,6,richness,6.33,SE,0.54,6.73,SE,0.64,NA,NA,NA,NA
32.41,Jacob,South Africa,observational,Senegalia nigrescens,native,herbs,various,native,0,NA,NA,NA,bushveld - natural,2017,spring,-23.85,28.283333,Richness of herbs,diversity,site,6,richness,5.93,SE,0.51,6.67,SE,0.44,NA,NA,NA,NA
32.42,Jacob,South Africa,observational,Senegalia nigrescens,native,grasses,various,native,0,NA,NA,NA,bushveld - natural,2017,spring,-23.85,28.283333,Richness of graminoids,diversity,site,6,richness,5.47,SE,0.41,6.27,SE,0.34,NA,NA,NA,NA
64.04,Jacob,China,observational,Calligonum mongolicum,native,annual,various,native,0,NA,NA,1380,arid steppe,2016,summer,39.383333,100.133333,RII richness,diversity,shrub-open pair,25,RII,NA,NA,NA,NA,NA,NA,0.2,NA,NA,no error reported; used 100mm precip
83.2,Alex,NA,manipulative,Dasiphora fruticosa,native,shrub,various,native,1,12,294,2900,sub-alpine,2013,summer,34.9167,102.8833,richness,diversity,plot,15,count,NA,NA,NA,NA,NA,NA,-0.051,SE,0.021,NA
115.4,Alex,NA,observational,Larrea tridentata,native,shrub,various,native,NA,"40, 1","34, 310",791,Arid,2013,spring,34.8833,-115.7,richness,diversity,plot,30,count,2.05,95conf,0.33,1.76,95conf,0.44,NA,NA,NA,NA
273.9,Florencia,Chile,experimental,Baccharis linearis,native,forb,Schismus arabicus,native,1,17,125,NA,shrubland,2005,winter,-30.19889,-71.24444,species richness,diversity,NA,19,count,0.41,SE,0.19,0.91,SE,0.09,NA,NA,NA,NA
294.15,Florencia,Tunisia,observational,Acacia tortilis,native,herb,various,native,0,17.2,180,NA,arid savanna,2004,NA,34.65,9.8,species richness,diversity,NA,24,count,4,NA,1.11,15,NA,0.56,NA,NA,NA,"46 protege herb sp listed, of 18 families"
294.16,Florencia,Tunisia,observational,Acacia tortilis,native,herb,various,native,0,17.2,180,NA,arid savanna,2004,NA,34.65,9.8,species richness,diversity,NA,24,count,2,NA,0.67,14,NA,1.11,NA,NA,NA,"46 protege herb sp listed, of 18 families"
316.4,Florencia,Australia,observational,Eremophila sturtii,native,perennial sp,various,native,1,30,250,NA,shrubland,NA,NA,-33.71667,143.0333,diversity,diversity,NA,3,NA,NA,NA,NA,NA,NA,NA,0.27,SE,0.04,50 perennial protege sp unlisted
316.9,Florencia,Australia,observational,Senna artemesioides,native,perennial sp,various,native,1,30,250,NA,shrubland,NA,NA,-33.71667,143.0333,diversity,diversity,NA,3,NA,NA,NA,NA,NA,NA,NA,0.3,SE,0.06,50 perennial protege sp unlisted
325.1,Florencia,Spain,observational,Retama sphaerocarpa,native,annual and perennial sp,various,native,0,17.9,245,630,shrubland,2009,spring,37.13333,-2.366667,species richness,diversity,NA,7,count,4,SE,0.5,11.1,SE,1.2,NA,NA,NA,14 annual and perennial protege sp unlisted
325.3,Florencia,Spain,observational,Retama sphaerocarpa,native,annual and perennial sp,various,native,0,17.9,245,630,shrubland,2009,spring,37.13333,-2.366667,species richness,diversity,NA,7,count,NA,NA,NA,NA,NA,NA,0.15,SE,0.03,14 annual and perennial protege sp unlisted
356.1,Merav,Australia,observational,"Eremophila mitchellii, Dodonaea viscosa, Senna artemisioides or juvenile Callitris glaucophylla depending on the particular plot",native,shrub,Perennials; protégé dominant spcies: Atriplex leptocarpa; Maireana enchylaenoides; Calotis sp.; Eragrostys dielsii; Desmodium sp.; Cheilantes sieberi; Sclerolaena sp.; Panicum decompositum.,native,NA,18,630,NA,semi-arid,couldn't find,NA,NA,NA,richness,diversity,per plot,80,richness,NA,NA,NA,NA,NA,NA,0.009524,NA,0.033333,"estimated from figure; Cowra, Australia coordinates from www.distanceto.com"
356.1,Merav,Australia,observational,"Eremophila mitchellii, Dodonaea viscosa, Senna artemisioides or juvenile Callitris glaucophylla depending on the particular plot",native,shrub,Perennials; protégé dominant spcies: Atriplex leptocarpa; Maireana enchylaenoides; Calotis sp.; Eragrostys dielsii; Desmodium sp.; Cheilantes sieberi; Sclerolaena sp.; Panicum decompositum.,native,NA,18,280,NA,semi-arid,couldn't find,NA,NA,NA,richness,diversity,per plot,80,richness,NA,NA,NA,NA,NA,NA,0.080952,NA,0.309524,"estimated from figure; Buronga, Australia coordinates from www.distanceto.com"
356.2,Merav,Australia,observational,"Eremophila mitchellii, Dodonaea viscosa, Senna artemisioides or juvenile Callitris glaucophylla depending on the particular plot",native,shrub,Perennials; protégé dominant spcies: Atriplex leptocarpa; Maireana enchylaenoides; Calotis sp.; Eragrostys dielsii; Desmodium sp.; Cheilantes sieberi; Sclerolaena sp.; Panicum decompositum.,native,NA,17,570,NA,semi-arid,couldn't find,NA,NA,NA,richness,diversity,per plot,80,richness,NA,NA,NA,NA,NA,NA,0.047619,NA,0.114286,"estimated from figure; Quandialla, Australia coordinates from www.distanceto.com"
356.21,Merav,Australia,observational,"Eucalyptus populnea, Eucalyptus intertexta,Eucalyptus microtheca, Casuarina pauper, or Geijera parviflora depending on the specific plot",native,Tree,Perennials; protégé dominant spcies: Atriplex leptocarpa; Maireana enchylaenoides; Calotis sp.; Eragrostys dielsii; Desmodium sp.; Cheilantes sieberi; Sclerolaena sp.; Panicum decompositum.,native,NA,18,630,NA,semi-arid,couldn't find,NA,NA,NA,richness,diversity,per plot,80,richness,NA,NA,NA,NA,NA,NA,-0.18095,NA,0.1,"estimated from figure; Cowra, Australia coordinates from www.distanceto.com"
356.22,Merav,Australia,observational,"Eucalyptus populnea, Eucalyptus intertexta,Eucalyptus microtheca, Casuarina pauper, or Geijera parviflora depending on the specific plot",native,Tree,Perennials; protégé dominant spcies: Atriplex leptocarpa; Maireana enchylaenoides; Calotis sp.; Eragrostys dielsii; Desmodium sp.; Cheilantes sieberi; Sclerolaena sp.; Panicum decompositum.,native,NA,17,570,NA,semi-arid,couldn't find,NA,NA,NA,richness,diversity,per plot,80,richness,NA,NA,NA,NA,NA,NA,-0.10476,NA,0.104762,"estimated from figure; Quandialla, Australia coordinates from www.distanceto.com"
356.23,Merav,Australia,observational,"Eucalyptus populnea, Eucalyptus intertexta,Eucalyptus microtheca, Casuarina pauper, or Geijera parviflora depending on the specific plot",native,Tree,Perennials; protégé dominant spcies: Atriplex leptocarpa; Maireana enchylaenoides; Calotis sp.; Eragrostys dielsii; Desmodium sp.; Cheilantes sieberi; Sclerolaena sp.; Panicum decompositum.,native,NA,16,490,NA,semi-arid,couldn't find,NA,NA,NA,richness,diversity,per plot,80,richness,NA,NA,NA,NA,NA,NA,0.138095,NA,0.214286,estimated from figure; Nevertire Australia coordinates from www.distanceto.com
356.24,Merav,Australia,observational,"Eucalyptus populnea, Eucalyptus intertexta,Eucalyptus microtheca, Casuarina pauper, or Geijera parviflora depending on the specific plot",native,Tree,Perennials; protégé dominant spcies: Atriplex leptocarpa; Maireana enchylaenoides; Calotis sp.; Eragrostys dielsii; Desmodium sp.; Cheilantes sieberi; Sclerolaena sp.; Panicum decompositum.,native,NA,18,455,NA,semi-arid,couldn't find,NA,NA,NA,richness,diversity,per plot,80,richness,NA,NA,NA,NA,NA,NA,0.133333,NA,0.166667,"estimated from figure; Condobolin, Australia coordinates from www.distanceto.com"
356.25,Merav,Australia,observational,"Eucalyptus populnea, Eucalyptus intertexta,Eucalyptus microtheca, Casuarina pauper, or Geijera parviflora depending on the specific plot",native,Tree,Perennials; protégé dominant spcies: Atriplex leptocarpa; Maireana enchylaenoides; Calotis sp.; Eragrostys dielsii; Desmodium sp.; Cheilantes sieberi; Sclerolaena sp.; Panicum decompositum.,native,NA,19,406,NA,semi-arid,couldn't find,NA,NA,NA,richness,diversity,per plot,80,richness,NA,NA,NA,NA,NA,NA,0.057143,NA,0.090476,"estimated from figure;Nyngan1, Australia coordinates from www.distanceto.com"
356.26,Merav,Australia,observational,"Eucalyptus populnea, Eucalyptus intertexta,Eucalyptus microtheca, Casuarina pauper, or Geijera parviflora depending on the specific plot",native,Tree,Perennials; protégé dominant spcies: Atriplex leptocarpa; Maireana enchylaenoides; Calotis sp.; Eragrostys dielsii; Desmodium sp.; Cheilantes sieberi; Sclerolaena sp.; Panicum decompositum.,native,NA,19,406,NA,semi-arid,couldn't find,NA,NA,NA,richness,diversity,per plot,80,richness,NA,NA,NA,NA,NA,NA,0.680952,NA,0.114286,"estimated from figure;Nyngan2, Australia coordinates from www.distanceto.com"
356.27,Merav,Australia,observational,"Eucalyptus populnea, Eucalyptus intertexta,Eucalyptus microtheca, Casuarina pauper, or Geijera parviflora depending on the specific plot",native,Tree,Perennials; protégé dominant spcies: Atriplex leptocarpa; Maireana enchylaenoides; Calotis sp.; Eragrostys dielsii; Desmodium sp.; Cheilantes sieberi; Sclerolaena sp.; Panicum decompositum.,native,NA,19,398,NA,semi-arid,couldn't find,NA,NA,NA,richness,diversity,per plot,80,richness,NA,NA,NA,NA,NA,NA,0.333333,NA,0.109524,estimated from figure; couldn't find a place with this name to generate coordinates.
356.28,Merav,Australia,observational,"Eucalyptus populnea, Eucalyptus intertexta,Eucalyptus microtheca, Casuarina pauper, or Geijera parviflora depending on the specific plot",native,Tree,Perennials; protégé dominant spcies: Atriplex leptocarpa; Maireana enchylaenoides; Calotis sp.; Eragrostys dielsii; Desmodium sp.; Cheilantes sieberi; Sclerolaena sp.; Panicum decompositum.,native,NA,18,375,NA,semi-arid,couldn't find,NA,NA,NA,richness,diversity,per plot,80,richness,NA,NA,NA,NA,NA,NA,0.52381,NA,0.409524,estimated from figure; couldn't find a place with this name to generate coordinates.
356.29,Merav,Australia,observational,"Eucalyptus populnea, Eucalyptus intertexta,Eucalyptus microtheca, Casuarina pauper, or Geijera parviflora depending on the specific plot",native,Tree,Perennials; protégé dominant spcies: Atriplex leptocarpa; Maireana enchylaenoides; Calotis sp.; Eragrostys dielsii; Desmodium sp.; Cheilantes sieberi; Sclerolaena sp.; Panicum decompositum.,native,NA,17,360,NA,semi-arid,couldn't find,NA,NA,NA,richness,diversity,per plot,80,richness,NA,NA,NA,NA,NA,NA,-0.0381,NA,0.080952,estimated from figure; couldn't find a place with this name to generate coordinates.
356.3,Merav,Australia,observational,"Eremophila mitchellii, Dodonaea viscosa, Senna artemisioides or juvenile Callitris glaucophylla depending on the particular plot",native,shrub,Perennials; protégé dominant spcies: Atriplex leptocarpa; Maireana enchylaenoides; Calotis sp.; Eragrostys dielsii; Desmodium sp.; Cheilantes sieberi; Sclerolaena sp.; Panicum decompositum.,native,NA,16,490,NA,semi-arid,couldn't find,NA,NA,NA,richness,diversity,per plot,80,richness,NA,NA,NA,NA,NA,NA,0.261905,NA,0.033333,estimated from figure; Nevertire Australia coordinates from www.distanceto.com
356.3,Merav,Australia,observational,"Eucalyptus populnea, Eucalyptus intertexta,Eucalyptus microtheca, Casuarina pauper, or Geijera parviflora depending on the specific plot",native,Tree,Perennials; protégé dominant spcies: Atriplex leptocarpa; Maireana enchylaenoides; Calotis sp.; Eragrostys dielsii; Desmodium sp.; Cheilantes sieberi; Sclerolaena sp.; Panicum decompositum.,native,NA,18,280,NA,semi-arid,couldn't find,NA,NA,NA,richness,diversity,per plot,80,richness,NA,NA,NA,NA,NA,NA,0.195238,NA,0.133333,"estimated from figure; Buronga, Australia coordinates from www.distanceto.com"
356.4,Merav,Australia,observational,"Eremophila mitchellii, Dodonaea viscosa, Senna artemisioides or juvenile Callitris glaucophylla depending on the particular plot",native,shrub,Perennials; protégé dominant spcies: Atriplex leptocarpa; Maireana enchylaenoides; Calotis sp.; Eragrostys dielsii; Desmodium sp.; Cheilantes sieberi; Sclerolaena sp.; Panicum decompositum.,native,NA,18,455,NA,semi-arid,couldn't find,NA,NA,NA,richness,diversity,per plot,80,richness,NA,NA,NA,NA,NA,NA,0.319048,NA,0.157143,"estimated from figure; Condobolin, Australia coordinates from www.distanceto.com"
356.41,Merav,Spain,observational,Stipa tenacissima,native,Grass,"Perennials; protégé dominant spcies: Thymus zygis, Genista scorpius; Carex humilis; Anthyllis citisoides; Asphodelus ramosus; Brachypodium retusum; Sedum sediforme; Fumana thymifolia; Helianthemu hirtum, Helianthemu cinereum; Helianthemu violaceum",native,NA,14,433,NA,semi-arid,couldn't find,NA,NA,NA,richness,diversity,per plot,30,richness,NA,NA,NA,NA,NA,NA,0,SE,0.12381,"estimated from figure; Barrax, Spain coordinates from www.distanceto.com"
356.42,Merav,Spain,observational,Stipa tenacissima,native,Grass,"Perennials; protégé dominant spcies: Thymus zygis, Genista scorpius; Carex humilis; Anthyllis citisoides; Asphodelus ramosus; Brachypodium retusum; Sedum sediforme; Fumana thymifolia; Helianthemu hirtum, Helianthemu cinereum; Helianthemu violaceum",native,NA,14,457,NA,semi-arid,couldn't find,NA,NA,NA,richness,diversity,per plot,30,richness,NA,NA,NA,NA,NA,NA,-0.02381,SE,0.071429,estimated from figure; couldn't find a place with this name to generate coordinates.
356.43,Merav,Spain,observational,Stipa tenacissima,native,Grass,"Perennials; protégé dominant spcies: Thymus zygis, Genista scorpius; Carex humilis; Anthyllis citisoides; Asphodelus ramosus; Brachypodium retusum; Sedum sediforme; Fumana thymifolia; Helianthemu hirtum, Helianthemu cinereum; Helianthemu violaceum",native,NA,17,282,NA,semi-arid,couldn't find,NA,NA,NA,richness,diversity,per plot,30,richness,NA,NA,NA,NA,NA,NA,-0.13333,SE,0.080952,"estimated from figure; Carrascoy, Spain coordinates from www.distanceto.com"
356.44,Merav,Spain,observational,Stipa tenacissima,native,Grass,"Perennials; protégé dominant spcies: Thymus zygis, Genista scorpius; Carex humilis; Anthyllis citisoides; Asphodelus ramosus; Brachypodium retusum; Sedum sediforme; Fumana thymifolia; Helianthemu hirtum, Helianthemu cinereum; Helianthemu violaceum",native,NA,17,273,NA,semi-arid,couldn't find,NA,NA,NA,richness,diversity,per plot,30,richness,NA,NA,NA,NA,NA,NA,-0.18095,SE,0.204762,"estimated from figure; Crevillente, Spain coordinates from www.distanceto.com"
356.45,Merav,Spain,observational,Stipa tenacissima,native,Grass,"Perennials; protégé dominant spcies: Thymus zygis, Genista scorpius; Carex humilis; Anthyllis citisoides; Asphodelus ramosus; Brachypodium retusum; Sedum sediforme; Fumana thymifolia; Helianthemu hirtum, Helianthemu cinereum; Helianthemu violaceum",native,NA,13,319,NA,semi-arid,couldn't find,NA,NA,NA,richness,diversity,per plot,30,richness,NA,NA,NA,NA,NA,NA,0.052381,SE,0.07619,estimated from figure; couldn't find a place with this name to generate coordinates.
356.46,Merav,Spain,observational,Stipa tenacissima,native,Grass,"Perennials; protégé dominant spcies: Thymus zygis, Genista scorpius; Carex humilis; Anthyllis citisoides; Asphodelus ramosus; Brachypodium retusum; Sedum sediforme; Fumana thymifolia; Helianthemu hirtum, Helianthemu cinereum; Helianthemu violaceum",native,NA,14,455,NA,semi-arid,couldn't find,NA,NA,NA,richness,diversity,per plot,30,richness,NA,NA,NA,NA,NA,NA,-0.01905,SE,0.1,"estimated from figure; Morata, Spain coordinates from www.distanceto.com"
356.47,Merav,Spain,observational,Stipa tenacissima,native,Grass,"Perennials; protégé dominant spcies: Thymus zygis, Genista scorpius; Carex humilis; Anthyllis citisoides; Asphodelus ramosus; Brachypodium retusum; Sedum sediforme; Fumana thymifolia; Helianthemu hirtum, Helianthemu cinereum; Helianthemu violaceum",native,NA,16,364,NA,semi-arid,couldn't find,NA,NA,NA,richness,diversity,per plot,30,richness,NA,NA,NA,NA,NA,NA,-0.20476,SE,0.071429,"estimated from figure; Sierra Espuña, Spain coordinates from www.distanceto.com"
356.48,Merav,Spain,observational,Stipa tenacissima,native,Grass,"Perennials; protégé dominant spcies: Thymus zygis, Genista scorpius; Carex humilis; Anthyllis citisoides; Asphodelus ramosus; Brachypodium retusum; Sedum sediforme; Fumana thymifolia; Helianthemu hirtum, Helianthemu cinereum; Helianthemu violaceum",native,NA,14,440,NA,semi-arid,couldn't find,NA,NA,NA,richness,diversity,per plot,30,richness,NA,NA,NA,NA,NA,NA,-0.12381,SE,0.104762,"estimated from figure; Titulcia, Spain, Spain coordinates from www.distanceto.com"
356.49,Merav,Spain,observational,Stipa tenacissima,native,Grass,"Perennials; protégé dominant spcies: Thymus zygis, Genista scorpius; Carex humilis; Anthyllis citisoides; Asphodelus ramosus; Brachypodium retusum; Sedum sediforme; Fumana thymifolia; Helianthemu hirtum, Helianthemu cinereum; Helianthemu violaceum",native,NA,16,446,NA,semi-arid,couldn't find,NA,NA,NA,richness,diversity,per plot,30,richness,NA,NA,NA,NA,NA,NA,0.028571,SE,0.214286,"estimated from figure; Villarrobledo, Spain coordinates from www.distanceto.com"
356.5,Merav,Australia,observational,"Eremophila mitchellii, Dodonaea viscosa, Senna artemisioides or juvenile Callitris glaucophylla depending on the particular plot",native,shrub,Perennials; protégé dominant spcies: Atriplex leptocarpa; Maireana enchylaenoides; Calotis sp.; Eragrostys dielsii; Desmodium sp.; Cheilantes sieberi; Sclerolaena sp.; Panicum decompositum.,native,NA,19,406,NA,semi-arid,couldn't find,NA,NA,NA,richness,diversity,per plot,80,richness,NA,NA,NA,NA,NA,NA,-0.01429,NA,0.066667,"estimated from figure;Nyngan1, Australia coordinates from www.distanceto.com"
356.5,Merav,Spain,observational,Stipa tenacissima,native,Grass,"Perennials; protégé dominant spcies: Thymus zygis, Genista scorpius; Carex humilis; Anthyllis citisoides; Asphodelus ramosus; Brachypodium retusum; Sedum sediforme; Fumana thymifolia; Helianthemu hirtum, Helianthemu cinereum; Helianthemu violaceum",native,NA,14,350,NA,semi-arid,couldn't find,NA,NA,NA,richness,diversity,per plot,30,richness,NA,NA,NA,NA,NA,NA,-0.03333,SE,0.1,"estimated from figure;Yecla, Spain coordinates from www.distanceto.com"
356.51,Merav,Spain,observational,Stipa tenacissima,native,Grass,"Perennials; protégé dominant spcies: Thymus zygis, Genista scorpius; Carex humilis; Anthyllis citisoides; Asphodelus ramosus; Brachypodium retusum; Sedum sediforme; Fumana thymifolia; Helianthemu hirtum, Helianthemu cinereum; Helianthemu violaceum",native,NA,14,434,NA,semi-arid,couldn't find,NA,NA,NA,richness,diversity,per plot,30,richness,NA,NA,NA,NA,NA,NA,NA,SE,NA,"estimated from figure; Zorita, Spain coordinates from www.distanceto.com"
356.6,Merav,Australia,observational,"Eremophila mitchellii, Dodonaea viscosa, Senna artemisioides or juvenile Callitris glaucophylla depending on the particular plot",native,shrub,"Perennials; protégé dominant spcies: Thymus zygis, Genista scorpius; Carex humilis; Anthyllis citisoides; Asphodelus ramosus; Brachypodium retusum; Sedum sediforme; Fumana thymifolia; Helianthemu hirtum, Helianthemu cinereum; Helianthemu violaceum",native,NA,19,406,NA,semi-arid,couldn't find,NA,NA,NA,richness,diversity,per plot,80,richness,NA,NA,NA,NA,NA,NA,0.733333,NA,0.057143,"estimated from figure;Nyngan2, Australia coordinates from www.distanceto.com"
356.63,Merav,Spain,observational,Quercus coccifera,native,Tree,"Perennials; protégé dominant spcies: Thymus zygis, Genista scorpius; Carex humilis; Anthyllis citisoides; Asphodelus ramosus; Brachypodium retusum; Sedum sediforme; Fumana thymifolia; Helianthemu hirtum, Helianthemu cinereum; Helianthemu violaceum",native,NA,14,433,NA,semi-arid,couldn't find,NA,NA,NA,richness,diversity,per plot,30,richness,NA,NA,NA,NA,NA,NA,0.142857,SE,0.152381,"estimated from figure; Barrax, Spain coordinates from www.distanceto.com"
356.64,Merav,Spain,observational,Quercus coccifera,native,Tree,"Perennials; protégé dominant spcies: Thymus zygis, Genista scorpius; Carex humilis; Anthyllis citisoides; Asphodelus ramosus; Brachypodium retusum; Sedum sediforme; Fumana thymifolia; Helianthemu hirtum, Helianthemu cinereum; Helianthemu violaceum",native,NA,14,457,NA,semi-arid,couldn't find,NA,NA,NA,richness,diversity,per plot,30,richness,NA,NA,NA,NA,NA,NA,-0.07619,SE,0.17619,estimated from figure; couldn't find a place with this name to generate coordinates.
356.65,Merav,Spain,observational,Quercus coccifera,native,Tree,"Perennials; protégé dominant spcies: Thymus zygis, Genista scorpius; Carex humilis; Anthyllis citisoides; Asphodelus ramosus; Brachypodium retusum; Sedum sediforme; Fumana thymifolia; Helianthemu hirtum, Helianthemu cinereum; Helianthemu violaceum",native,NA,17,282,NA,semi-arid,couldn't find,NA,NA,NA,richness,diversity,per plot,30,richness,NA,NA,NA,NA,NA,NA,0.028571,SE,0.066667,"estimated from figure; Carrascoy, Spain coordinates from www.distanceto.com"
356.66,Merav,Spain,observational,Quercus coccifera,native,Tree,"Perennials; protégé dominant spcies: Thymus zygis, Genista scorpius; Carex humilis; Anthyllis citisoides; Asphodelus ramosus; Brachypodium retusum; Sedum sediforme; Fumana thymifolia; Helianthemu hirtum, Helianthemu cinereum; Helianthemu violaceum",native,NA,17,273,NA,semi-arid,couldn't find,NA,NA,NA,richness,diversity,per plot,30,richness,NA,NA,NA,NA,NA,NA,-0.04762,SE,0,"estimated from figure; Crevillente, Spain coordinates from www.distanceto.com"
356.67,Merav,Spain,observational,Quercus coccifera,native,Tree,"Perennials; protégé dominant spcies: Thymus zygis, Genista scorpius; Carex humilis; Anthyllis citisoides; Asphodelus ramosus; Brachypodium retusum; Sedum sediforme; Fumana thymifolia; Helianthemu hirtum, Helianthemu cinereum; Helianthemu violaceum",native,NA,13,319,NA,semi-arid,couldn't find,NA,NA,NA,richness,diversity,per plot,30,richness,NA,NA,NA,NA,NA,NA,0.309524,SE,0.033333,estimated from figure; couldn't find a place with this name to generate coordinates.
356.68,Merav,Spain,observational,Quercus coccifera,native,Tree,"Perennials; protégé dominant spcies: Thymus zygis, Genista scorpius; Carex humilis; Anthyllis citisoides; Asphodelus ramosus; Brachypodium retusum; Sedum sediforme; Fumana thymifolia; Helianthemu hirtum, Helianthemu cinereum; Helianthemu violaceum",native,NA,14,455,NA,semi-arid,couldn't find,NA,NA,NA,richness,diversity,per plot,30,richness,NA,NA,NA,NA,NA,NA,-0.08095,SE,0.07619,"estimated from figure; Morata, Spain coordinates from www.distanceto.com"
356.69,Merav,Spain,observational,Quercus coccifera,native,Tree,"Perennials; protégé dominant spcies: Thymus zygis, Genista scorpius; Carex humilis; Anthyllis citisoides; Asphodelus ramosus; Brachypodium retusum; Sedum sediforme; Fumana thymifolia; Helianthemu hirtum, Helianthemu cinereum; Helianthemu violaceum",native,NA,16,364,NA,semi-arid,couldn't find,NA,NA,NA,richness,diversity,per plot,30,richness,NA,NA,NA,NA,NA,NA,0.142857,SE,0.12381,"estimated from figure; Sierra Espuña, Spain coordinates from www.distanceto.com"
356.7,Merav,Spain,observational,Quercus coccifera,native,Tree,"Perennials; protégé dominant spcies: Thymus zygis, Genista scorpius; Carex humilis; Anthyllis citisoides; Asphodelus ramosus; Brachypodium retusum; Sedum sediforme; Fumana thymifolia; Helianthemu hirtum, Helianthemu cinereum; Helianthemu violaceum",native,NA,14,440,NA,semi-arid,couldn't find,NA,NA,NA,richness,diversity,per plot,30,richness,NA,NA,NA,NA,NA,NA,0.07619,SE,0.090476,"estimated from figure; Titulcia, Spain, Spain coordinates from www.distanceto.com"
356.7,Merav,Australia,observational,"Eremophila mitchellii, Dodonaea viscosa, Senna artemisioides or juvenile Callitris glaucophylla depending on the particular plot",native,shrub,Perennials; protégé dominant spcies: Atriplex leptocarpa; Maireana enchylaenoides; Calotis sp.; Eragrostys dielsii; Desmodium sp.; Cheilantes sieberi; Sclerolaena sp.; Panicum decompositum.,native,NA,19,398,NA,semi-arid,couldn't find,NA,NA,NA,richness,diversity,per plot,80,richness,NA,NA,NA,NA,NA,NA,0.528571,NA,0.057143,estimated from figure; couldn't find a place with this name to generate coordinates.
356.71,Merav,Spain,observational,Quercus coccifera,native,Tree,"Perennials; protégé dominant spcies: Thymus zygis, Genista scorpius; Carex humilis; Anthyllis citisoides; Asphodelus ramosus; Brachypodium retusum; Sedum sediforme; Fumana thymifolia; Helianthemu hirtum, Helianthemu cinereum; Helianthemu violaceum",native,NA,16,446,NA,semi-arid,couldn't find,NA,NA,NA,richness,diversity,per plot,30,richness,NA,NA,NA,NA,NA,NA,0.161905,SE,0.061905,"estimated from figure; Villarrobledo, Spain coordinates from www.distanceto.com"
356.72,Merav,Spain,observational,Quercus coccifera,native,Tree,"Perennials; protégé dominant spcies: Thymus zygis, Genista scorpius; Carex humilis; Anthyllis citisoides; Asphodelus ramosus; Brachypodium retusum; Sedum sediforme; Fumana thymifolia; Helianthemu hirtum, Helianthemu cinereum; Helianthemu violaceum",native,NA,14,350,NA,semi-arid,couldn't find,NA,NA,NA,richness,diversity,per plot,30,richness,NA,NA,NA,NA,NA,NA,-0.00476,SE,0.07619,"estimated from figure;Yecla, Spain coordinates from www.distanceto.com"
356.73,Merav,Spain,observational,Quercus coccifera,native,Tree,"Perennials; protégé dominant spcies: Thymus zygis, Genista scorpius; Carex humilis; Anthyllis citisoides; Asphodelus ramosus; Brachypodium retusum; Sedum sediforme; Fumana thymifolia; Helianthemu hirtum, Helianthemu cinereum; Helianthemu violaceum",native,NA,14,434,NA,semi-arid,couldn't find,NA,NA,NA,richness,diversity,per plot,30,richness,NA,NA,NA,NA,NA,NA,-0.19524,SE,0.242857,"estimated from figure; Zorita, Spain coordinates from www.distanceto.com"
356.8,Merav,Australia,observational,"Eremophila mitchellii, Dodonaea viscosa, Senna artemisioides or juvenile Callitris glaucophylla depending on the particular plot",native,shrub,Perennials; protégé dominant spcies: Atriplex leptocarpa; Maireana enchylaenoides; Calotis sp.; Eragrostys dielsii; Desmodium sp.; Cheilantes sieberi; Sclerolaena sp.; Panicum decompositum.,native,NA,18,375,NA,semi-arid,couldn't find,NA,NA,NA,richness,diversity,per plot,80,richness,NA,NA,NA,NA,NA,NA,0.642857,NA,0.104762,estimated from figure; couldn't find a place with this name to generate coordinates.
356.9,Merav,Australia,observational,"Eremophila mitchellii, Dodonaea viscosa, Senna artemisioides or juvenile Callitris glaucophylla depending on the particular plot",native,shrub,Perennials; protégé dominant spcies: Atriplex leptocarpa; Maireana enchylaenoides; Calotis sp.; Eragrostys dielsii; Desmodium sp.; Cheilantes sieberi; Sclerolaena sp.; Panicum decompositum.,native,NA,17,360,NA,semi-arid,couldn't find,NA,NA,NA,richness,diversity,per plot,80,richness,NA,NA,NA,NA,NA,NA,-0.16667,NA,0.161905,estimated from figure; couldn't find a place with this name to generate coordinates.
379.1,Merav,Spain,observational,Pinus pinaster,native,Tree,hervaceous species,native,0,11,480,850,Semi-arid Mediterranean dune,couldn't find,NA,NA,NA,richness,diversity,per plot,120,log(richness),0.64375,SD,0.0375,0.15,SD,0.04375,NA,NA,NA,estimated from figure; Dominant protégé below pines: Bromus rigidus; Bromus tectorum; Vicia sativa; Lactuca serriola; Cerastium diffusum;Dominant species in open areas: Spergularia purpurea; Malcolmia triloba; Corrigiola telephiifolia; Generally widely distributed species: Jasione montana; Mibora minima; Alyssum minutum; Vulpia bromoides; Sedum amplexicaule; Senecio gallicus; Leucanthemopsis pulverulenta
379.2,Merav,Spain,observational,Pinus pinaster,native,Tree,hervaceous species,native,0,11,480,850,Semi-arid Mediterranean dune,couldn't find,NA,NA,NA,richness,diversity,per plot,120,log(richness),0.75625,SD,0.05,0.35625,SD,0.06875,NA,NA,NA,estimated from figure; Dominant protégé below pines: Bromus rigidus; Bromus tectorum; Vicia sativa; Lactuca serriola; Cerastium diffusum;Dominant species in open areas: Spergularia purpurea; Malcolmia triloba; Corrigiola telephiifolia; Generally widely distributed species: Jasione montana; Mibora minima; Alyssum minutum; Vulpia bromoides; Sedum amplexicaule; Senecio gallicus; Leucanthemopsis pulverulenta
379.3,Merav,Spain,observational,Pinus pinaster,native,Tree,hervaceous species,native,0,11,480,850,Semi-arid Mediterranean,couldn't find,NA,NA,NA,richness,diversity,per plot,120,log(richness),0.84375,SD,0.025,0.56875,SD,0.05625,NA,NA,NA,estimated from figure; Dominant protégé below pines: Bromus rigidus; Bromus tectorum; Vicia sativa; Lactuca serriola; Cerastium diffusum;Dominant species in open areas: Spergularia purpurea; Malcolmia triloba; Corrigiola telephiifolia; Generally widely distributed species: Jasione montana; Mibora minima; Alyssum minutum; Vulpia bromoides; Sedum amplexicaule; Senecio gallicus; Leucanthemopsis pulverulenta
379.4,Merav,Spain,observational,Pinus pinaster,native,Tree,hervaceous species,native,0,11,480,850,Semi-arid Mediterranean,couldn't find,NA,NA,NA,richness,diversity,per plot,120,log(richness),0.96875,SD,0.025,0.675,SD,0.05625,NA,NA,NA,estimated from figure; Dominant protégé below pines: Bromus rigidus; Bromus tectorum; Vicia sativa; Lactuca serriola; Cerastium diffusum;Dominant species in open areas: Spergularia purpurea; Malcolmia triloba; Corrigiola telephiifolia; Generally widely distributed species: Jasione montana; Mibora minima; Alyssum minutum; Vulpia bromoides; Sedum amplexicaule; Senecio gallicus; Leucanthemopsis pulverulenta
394.1,Merav,Tunisia,observational,Acacia raddiana,native,herbs,NA,native,NA,17.2,180,NA,arid Mediterranean,2003,autumn,NA,NA,diversity,diversity,Per quadrat,72,richness,1.37931,SE (Not defined in figure!),0.172414,2.551724,SE (Not defined in figure!),0.241379,NA,NA,NA,estimated from figure; Dominant protégé below Acacia trees: Cenchrus ciliaris; Cynodon dactylon; Eragrostis papposa; Sisymbrium irio; Chenopodium album; Atriplex halimus; Salsola brevifolia. Dominant species indifferent to the presence of benefactor: Paronychia Arabica; Stipa capensis; Plantago ovata; Erodium triangulare; Hammada schmittiana.
394.2,Merav,Tunisia,observational,Acacia raddiana,native,herbs,NA,native,NA,17.2,180,NA,arid Mediterranean,2003,winter,NA,NA,diversity,diversity,Per quadrat,72,richness,1.586207,SE (Not defined in figure!),0.172414,2.931034,SE (Not defined in figure!),0.206897,NA,NA,NA,estimated from figure; Dominant protégé below Acacia trees: Cenchrus ciliaris; Cynodon dactylon; Eragrostis papposa; Sisymbrium irio; Chenopodium album; Atriplex halimus; Salsola brevifolia. Dominant species indifferent to the presence of benefactor: Paronychia Arabica; Stipa capensis; Plantago ovata; Erodium triangulare; Hammada schmittiana.
394.3,Merav,Tunisia,observational,Acacia raddiana,native,herbs,NA,native,NA,17.2,180,NA,arid Mediterranean,2004,spring,NA,NA,diversity,diversity,Per quadrat,72,richness,1.517241,SE (Not defined in figure!),0.103448,2.62069,SE (Not defined in figure!),0.310345,NA,NA,NA,estimated from figure; Dominant protégé below Acacia trees: Cenchrus ciliaris; Cynodon dactylon; Eragrostis papposa; Sisymbrium irio; Chenopodium album; Atriplex halimus; Salsola brevifolia. Dominant species indifferent to the presence of benefactor: Paronychia Arabica; Stipa capensis; Plantago ovata; Erodium triangulare; Hammada schmittiana.
394.4,Merav,Tunisia,observational,Acacia raddiana,native,herbs,NA,native,NA,17.2,180,NA,arid Mediterranean,2004,autumn,NA,NA,diversity,diversity,Per quadrat,72,richness,0,SE (Not defined in figure!),0,2.310345,SE (Not defined in figure!),0.172414,NA,NA,NA,estimated from figure; Dominant protégé below Acacia trees: Cenchrus ciliaris; Cynodon dactylon; Eragrostis papposa; Sisymbrium irio; Chenopodium album; Atriplex halimus; Salsola brevifolia. Dominant species indifferent to the presence of benefactor: Paronychia Arabica; Stipa capensis; Plantago ovata; Erodium triangulare; Hammada schmittiana.
394.5,Merav,Tunisia,observational,Acacia raddiana,native,herbs,NA,native,NA,17.2,180,NA,arid Mediterranean,2004,winter,NA,NA,diversity,diversity,Per quadrat,72,richness,0,SE (Not defined in figure!),0,2.310345,SE (Not defined in figure!),0.172414,NA,NA,NA,estimated from figure; Dominant protégé below Acacia trees: Cenchrus ciliaris; Cynodon dactylon; Eragrostis papposa; Sisymbrium irio; Chenopodium album; Atriplex halimus; Salsola brevifolia. Dominant species indifferent to the presence of benefactor: Paronychia Arabica; Stipa capensis; Plantago ovata; Erodium triangulare; Hammada schmittiana.
394.6,Merav,Tunisia,observational,Acacia raddiana,native,herbs,NA,native,NA,17.2,180,NA,arid Mediterranean,2005,spring,NA,NA,diversity,diversity,Per quadrat,72,richness,0.206897,SE (Not defined in figure!),0.241379,1.793103,SE (Not defined in figure!),0.137931,NA,NA,NA,estimated from figure; Dominant protégé below Acacia trees: Cenchrus ciliaris; Cynodon dactylon; Eragrostis papposa; Sisymbrium irio; Chenopodium album; Atriplex halimus; Salsola brevifolia. Dominant species indifferent to the presence of benefactor: Paronychia Arabica; Stipa capensis; Plantago ovata; Erodium triangulare; Hammada schmittiana.
394.7,Merav,Tunisia,observational,Acacia raddiana,native,herbs,NA,native,NA,17.2,180,NA,arid Mediterranean,2005,autumn,NA,NA,diversity,diversity,Per quadrat,72,richness,1.241379,SE (Not defined in figure!),0.068966,1.344828,SE (Not defined in figure!),0.241379,NA,NA,NA,estimated from figure; Dominant protégé below Acacia trees: Cenchrus ciliaris; Cynodon dactylon; Eragrostis papposa; Sisymbrium irio; Chenopodium album; Atriplex halimus; Salsola brevifolia. Dominant species indifferent to the presence of benefactor: Paronychia Arabica; Stipa capensis; Plantago ovata; Erodium triangulare; Hammada schmittiana.
394.8,Merav,Tunisia,observational,Acacia raddiana,native,herbs,NA,native,NA,17.2,180,NA,arid Mediterranean,2006,winter,NA,NA,diversity,diversity,Per quadrat,72,richness,1.551724,SE (Not defined in figure!),0.172414,0.482759,SE (Not defined in figure!),0,NA,NA,NA,estimated from figure; Dominant protégé below Acacia trees: Cenchrus ciliaris; Cynodon dactylon; Eragrostis papposa; Sisymbrium irio; Chenopodium album; Atriplex halimus; Salsola brevifolia. Dominant species indifferent to the presence of benefactor: Paronychia Arabica; Stipa capensis; Plantago ovata; Erodium triangulare; Hammada schmittiana.
394.9,Merav,Tunisia,observational,Acacia raddiana,native,herbs,NA,native,NA,17.2,180,NA,arid Mediterranean,2006,spring,NA,NA,diversity,diversity,Per quadrat,72,richness,1,SE (Not defined in figure!),0.172414,3.37931,SE (Not defined in figure!),0.344828,NA,NA,NA,estimated from figure; Dominant protégé below Acacia trees: Cenchrus ciliaris; Cynodon dactylon; Eragrostis papposa; Sisymbrium irio; Chenopodium album; Atriplex halimus; Salsola brevifolia. Dominant species indifferent to the presence of benefactor: Paronychia Arabica; Stipa capensis; Plantago ovata; Erodium triangulare; Hammada schmittiana.
477.02,Jenna,Argentina,observational,Pyracantha angustifolia,exotic,woody plants,NA,native,0,14,800,878,open shrubland,2001,NA,-31.1216,-64.32,richness,diversity,mean across plots,16,richness,2.06,SE,0.21,3.63,SE,0.3,NA,NA,NA,"natives include celtis pallida, celtis tala, cestrum parqui, lantana camara, lithrea molleoides, schinus fasciculata"
477.04,Jenna,Argentina,observational,Condalia montana,native,woody plants,NA,native,0,14,800,878,open shrubland,2001,NA,-31.1216,-64.32,richness,diversity,mean across plots,16,richness,2.06,SE,0.21,2.38,SE,0.33,NA,NA,NA,NA
477.06,Jenna,Argentina,observational,Pyracantha angustifolia,exotic,bird-dispersed woody,NA,native,0,14,800,878,open shrubland,2001,NA,-31.1216,-64.32,richness,diversity,mean across plots,16,richness,0.75,SE,0.14,2.13,SE,0.29,NA,NA,NA,NA
477.08,Jenna,Argentina,observational,Condalia montana,native,bird-dispersed woody,NA,native,0,14,800,878,open shrubland,2001,NA,-31.1216,-64.32,richness,diversity,mean across plots,16,richness,0.75,SE,0.14,1.38,SE,0.27,NA,NA,NA,NA
485.07,Jenna,Israel,observational,Artemisia sieberi,native,"grass, herb",NA,native,0,19.1,90,470,arid,2001-2002,winter,30.86,34.766,richness,diversity,mean across blocks,25,taxa/400 cm^3,0.382,SE,0.076,1.26,SE,0.076,0.586,SE,NA,"Kew - community but dominated by natives of a few species - Stipa, Schismus, Astragalus"
485.08,Jenna,Israel,observational,Sarcopoterium spinosum,native,"grass, herb",NA,native,0,18.4,300,590,semi-arid,2001-2002,winter,31.383,34.9,richness,diversity,mean across blocks,25,taxa/400 cm^3,8.893,SE,0.725,10.725,SE,0.84,0.087,SE,NA,Kew
514.1,Jenna,Israel,observational,Noaea mucronata,native,herbs,"Anagallis arvensis, Anthemis pseudocotula, Avena barbata, Bromus fasciculatus, Ononis reclinata, Reboudia pinnata, Rostraria cristata, Senecio glaucus, Silene colorata, Stipa capensis",native,0,NA,190,NA,desert,2001,spring,31.283,34.616,species richness,diversity,mean across plots,8,count,134.134,SE,6.785,201.983,SE,6.785,NA,NA,NA,"looked up all species on Kew, all native"
514.6,Jenna,Israel,observational,Noaea mucronata,native,herbs,"Anagallis arvensis, Anthemis pseudocotula, Avena barbata, Bromus fasciculatus, Ononis reclinata, Reboudia pinnata, Rostraria cristata, Senecio glaucus, Silene colorata, Stipa capensis",native,0,NA,190,NA,desert,1997,spring,31.283,34.616,species richness,diversity,mean across plots,8,count,155.01,SE,6.263,227.557,SE,8.873,NA,NA,NA,"looked up all species on Kew, all native"
514.7,Jenna,Israel,observational,Noaea mucronata,native,herbs,"Anagallis arvensis, Anthemis pseudocotula, Avena barbata, Bromus fasciculatus, Ononis reclinata, Reboudia pinnata, Rostraria cristata, Senecio glaucus, Silene colorata, Stipa capensis",native,0,NA,190,NA,desert,1998,spring,31.283,34.616,species richness,diversity,mean across plots,8,count,139.353,SE,6.785,192.589,SE,6.785,NA,NA,NA,"looked up all species on Kew, all native"
514.8,Jenna,Israel,observational,Noaea mucronata,native,herbs,"Anagallis arvensis, Anthemis pseudocotula, Avena barbata, Bromus fasciculatus, Ononis reclinata, Reboudia pinnata, Rostraria cristata, Senecio glaucus, Silene colorata, Stipa capensis",native,0,NA,190,NA,desert,1999,spring,31.283,34.616,species richness,diversity,mean across plots,8,count,48.017,SE,4.175,94.468,SE,7.828,NA,NA,NA,"looked up all species on Kew, all native"
514.9,Jenna,Israel,observational,Noaea mucronata,native,herbs,"Anagallis arvensis, Anthemis pseudocotula, Avena barbata, Bromus fasciculatus, Ononis reclinata, Reboudia pinnata, Rostraria cristata, Senecio glaucus, Silene colorata, Stipa capensis",native,0,NA,190,NA,desert,2000,spring,31.283,34.616,species richness,diversity,mean across plots,8,count,78.81,SE,4.697,155.532,SE,5.741,NA,NA,NA,"looked up all species on Kew, all native"
522.211,Jenna,Spain,observational,Arthrocnemum macrostachyum,native,herbs,NA,native,0,17.9,242,350,semi-arid abandoned cropland,NA,spring,37.016,-2.416,species richness,diversity,mean across plots,5,richness,10.8,SE,0.7,10,SE,0.5,NA,NA,NA,NA
522.212,Jenna,Spain,observational,Launaea arborescens,native,herbs,NA,native,0,17.9,242,350,semi-arid abandoned cropland,NA,spring,37.016,-2.416,species richness,diversity,mean across plots,5,richness,10.8,SE,0.7,8,SE,1,NA,NA,NA,NA
522.213,Jenna,Spain,observational,Lycium intricatum,native,herbs,NA,native,0,17.9,242,350,semi-arid abandoned cropland,NA,spring,37.016,-2.416,species richness,diversity,mean across plots,5,richness,10.8,SE,0.7,8,SE,0.5,NA,NA,NA,NA
522.214,Jenna,Spain,observational,Retama sphaerocarpa,native,herbs,NA,native,0,17.9,242,350,semi-arid abandoned cropland,NA,spring,37.016,-2.416,species richness,diversity,mean across plots,5,richness,10.8,SE,0.7,9.2,SE,0.7,NA,NA,NA,NA
522.215,Jenna,Spain,observational,Salsola oppositifolia,native,herbs,NA,native,0,17.9,242,350,semi-arid abandoned cropland,NA,spring,37.016,-2.416,species richness,diversity,mean across plots,5,richness,10.8,SE,0.7,8.8,SE,0.6,NA,NA,NA,NA
522.216,Jenna,Spain,observational,Thymus hyemalis,native,herbs,NA,native,0,17.9,242,350,semi-arid abandoned cropland,NA,spring,37.016,-2.416,species richness,diversity,mean across plots,5,richness,10.8,SE,0.7,10,SE,1.3,NA,NA,NA,NA
576.01,Malory,NA,manipulative,Ambrosia dumosa,native,community,community,native,0,NA,149,804,desert,1994-1995,winter and spring,36.07,-117.1,number of species in seeling stage/200 sq cm,diversity,plot,20,ratio,5.15,SE,0.66,5.15,SE,0.48,NA,NA,NA,NA
NA,Jacob,Iran,observational,Berberis integerrima,native,NA,community,native,0,5.5,394,2900,steppe,2017,summer,36.374518,51.793245,species richness,diversity,site,10,count,15,SE,2,18,SE,2,NA,NA,NA,NA
NA,Jacob,Iran,observational,Onobrychis cornuta,native,NA,community,native,0,5.5,394,2900,steppe,2017,summer,36.374518,51.793245,species richness,diversity,site,10,count,15,SE,2,15.5,SE,2,NA,NA,NA,NA
NA,Jacob,Iran,observational,Juniperus sabina,native,NA,community,native,0,5.5,394,2900,steppe,2017,summer,36.374518,51.793245,species richness,diversity,site,10,count,15,SE,2,15.3,SE,2,NA,NA,NA,NA
NA,Jacob,Iran,observational,Berberis integerrima,native,NA,community,native,0,5.5,394,2900,steppe,2017,summer,36.374518,51.793245,Shannon diversity,diversity,site,10,diversity,1.7,SE,0.1,1.8,SE,0.1,NA,NA,NA,NA
NA,Jacob,Iran,observational,Onobrychis cornuta,native,NA,community,native,0,5.5,394,2900,steppe,2017,summer,36.374518,51.793245,Shannon diversity,diversity,site,10,diversity,1.7,SE,0.1,1.9,SE,0.1,NA,NA,NA,NA
NA,Jacob,Iran,observational,Juniperus sabina,native,NA,community,native,0,5.5,394,2900,steppe,2017,summer,36.374518,51.793245,Shannon diversity,diversity,site,10,diversity,1.7,SE,0.1,1.8,SE,0.1,NA,NA,NA,NA
